{"web":{"client_id":"600313688225-ft0tvcdblihkb0o44q8onfeeo5dodbun.apps.googleusercontent.com","project_id":"m2-cci-tours-rapport-stage","auth_uri":"https://accounts.google.com/o/oauth2/auth","token_uri":"https://accounts.google.com/o/oauth2/token","auth_provider_x509_cert_url":"https://www.googleapis.com/oauth2/v1/certs","client_secret":"Cc0y5NSNzjos4RA_ikcpXA3F","redirect_uris":["http://localhost/wordpress/wp-admin/options-general.php?page=wp-mail-smtp&tab=auth"],"javascript_origins":["https://tahoanghiep-vu.co"]}}